ID,Product_Name,Price,Stock,Category
1,Product_1,488,11,Home
2,Product_2,250,26,Sport
3,Product_3,100,39,Electronics
4,Product_4,375,2,Electronics
5,Product_5,320,29,Home
6,Product_6,187,62,Sport
7,Product_7,175,72,Sport
8,Product_8,52,6,Electronics
9,Product_9,316,42,Sport
10,Product_10,119,42,Office
11,Product_11,223,40,Sport
12,Product_12,394,76,Sport
13,Product_13,175,33,Home
14,Product_14,120,37,Electronics
15,Product_15,351,38,Office
16,Product_16,153,59,Electronics
17,Product_17,279,78,Home
18,Product_18,323,50,Home
19,Product_19,100,52,Sport
20,Product_20,441,94,Electronics
21,Product_21,244,35,Electronics
22,Product_22,483,64,Office
23,Product_23,163,51,Office
24,Product_24,126,88,Home
25,Product_25,293,35,Electronics
26,Product_26,145,71,Office
27,Product_27,449,16,Electronics
28,Product_28,174,48,Office
29,Product_29,329,58,Electronics
30,Product_30,132,7,Home
31,Product_31,388,1,Home
32,Product_32,272,10,Home
33,Product_33,475,40,Home
34,Product_34,491,22,Office
35,Product_35,475,23,Home
36,Product_36,425,85,Electronics
37,Product_37,404,86,Electronics
38,Product_38,443,94,Electronics
39,Product_39,405,33,Sport
40,Product_40,232,63,Electronics
41,Product_41,277,69,Office
42,Product_42,353,74,Home
43,Product_43,55,53,Sport
44,Product_44,308,78,Sport
45,Product_45,340,28,Office
46,Product_46,453,21,Electronics
47,Product_47,146,71,Sport
48,Product_48,427,13,Home
49,Product_49,364,77,Sport
50,Product_50,273,74,Home
51,Product_51,137,45,Sport
52,Product_52,375,41,Home
53,Product_53,481,61,Office
54,Product_54,325,78,Sport
55,Product_55,225,71,Home
56,Product_56,153,52,Sport
57,Product_57,239,29,Sport
58,Product_58,191,35,Electronics
59,Product_59,239,28,Office
60,Product_60,162,21,Home
61,Product_61,389,3,Home
62,Product_62,74,90,Electronics
63,Product_63,351,34,Electronics
64,Product_64,496,30,Sport
65,Product_65,496,85,Sport
66,Product_66,91,4,Home
67,Product_67,139,23,Electronics
68,Product_68,400,77,Electronics
69,Product_69,221,20,Home
70,Product_70,130,1,Office
71,Product_71,253,88,Sport
72,Product_72,123,12,Electronics
73,Product_73,136,36,Home
74,Product_74,479,7,Home
75,Product_75,450,7,Home
76,Product_76,208,16,Electronics
77,Product_77,442,87,Home
78,Product_78,207,70,Home
79,Product_79,395,12,Sport
80,Product_80,268,80,Electronics
81,Product_81,310,17,Electronics
82,Product_82,215,78,Electronics
83,Product_83,489,91,Home
84,Product_84,99,9,Home
85,Product_85,240,56,Office
86,Product_86,360,77,Sport
87,Product_87,251,84,Electronics
88,Product_88,434,21,Electronics
89,Product_89,149,64,Sport
90,Product_90,88,61,Home
91,Product_91,108,8,Sport
92,Product_92,326,54,Office
93,Product_93,408,52,Sport
94,Product_94,157,87,Office
95,Product_95,329,89,Office
96,Product_96,250,53,Home
97,Product_97,177,62,Office
98,Product_98,422,5,Office
99,Product_99,441,86,Electronics
100,Product_100,279,43,Sport
101,Product_101,311,90,Sport
102,Product_102,305,16,Office
103,Product_103,286,55,Home
104,Product_104,288,46,Home
105,Product_105,460,41,Electronics
106,Product_106,392,79,Sport
107,Product_107,224,26,Electronics
108,Product_108,89,98,Home
109,Product_109,100,20,Electronics
110,Product_110,302,19,Home
111,Product_111,397,50,Office
112,Product_112,400,49,Office
113,Product_113,329,59,Electronics
114,Product_114,313,90,Home
115,Product_115,250,53,Office
116,Product_116,474,80,Home
117,Product_117,192,11,Electronics
118,Product_118,274,37,Sport
119,Product_119,86,90,Sport
120,Product_120,327,20,Office
121,Product_121,411,61,Electronics
122,Product_122,370,89,Sport
123,Product_123,453,52,Sport
124,Product_124,425,2,Electronics
125,Product_125,199,78,Home
126,Product_126,355,99,Home
127,Product_127,74,43,Sport
128,Product_128,243,97,Sport
129,Product_129,113,81,Home
130,Product_130,360,49,Office
131,Product_131,278,96,Sport
132,Product_132,347,81,Electronics
133,Product_133,289,3,Electronics
134,Product_134,221,11,Electronics
135,Product_135,430,80,Home
136,Product_136,430,67,Office
137,Product_137,449,99,Home
138,Product_138,458,71,Sport
139,Product_139,245,94,Home
140,Product_140,173,46,Office
141,Product_141,172,71,Home
142,Product_142,92,4,Home
143,Product_143,344,64,Home
144,Product_144,67,46,Sport
145,Product_145,235,33,Office
146,Product_146,66,59,Electronics
147,Product_147,261,37,Office
148,Product_148,128,20,Sport
149,Product_149,92,67,Electronics
150,Product_150,335,51,Sport
151,Product_151,287,3,Electronics
152,Product_152,171,50,Sport
153,Product_153,62,63,Sport
154,Product_154,115,11,Home
155,Product_155,426,70,Sport
156,Product_156,51,23,Office
157,Product_157,114,0,Electronics
158,Product_158,378,82,Home
159,Product_159,193,74,Office
160,Product_160,434,7,Sport
161,Product_161,253,68,Sport
162,Product_162,161,51,Sport
163,Product_163,106,37,Sport
164,Product_164,181,30,Office
165,Product_165,209,14,Sport
166,Product_166,419,40,Sport
167,Product_167,343,34,Sport
168,Product_168,401,48,Home
169,Product_169,483,52,Electronics
170,Product_170,85,20,Office
171,Product_171,132,36,Sport
172,Product_172,414,93,Sport
173,Product_173,493,15,Electronics
174,Product_174,432,68,Sport
175,Product_175,215,56,Home
176,Product_176,401,40,Home
177,Product_177,382,6,Home
178,Product_178,367,15,Home
179,Product_179,351,90,Office
180,Product_180,62,35,Office
181,Product_181,246,92,Electronics
182,Product_182,67,51,Office
183,Product_183,56,98,Electronics
184,Product_184,341,60,Home
185,Product_185,486,21,Sport
186,Product_186,205,70,Home
187,Product_187,77,42,Electronics
188,Product_188,166,22,Electronics
189,Product_189,136,71,Electronics
190,Product_190,105,26,Office
191,Product_191,311,27,Sport
192,Product_192,170,91,Electronics
193,Product_193,482,73,Electronics
194,Product_194,79,76,Electronics
195,Product_195,303,69,Electronics
196,Product_196,117,10,Electronics
197,Product_197,127,19,Home
198,Product_198,425,0,Electronics
199,Product_199,170,2,Electronics
200,Product_200,471,51,Home
201,Product_201,62,97,Sport
202,Product_202,278,16,Home
203,Product_203,476,32,Home
204,Product_204,76,86,Electronics
205,Product_205,191,76,Home
206,Product_206,334,98,Sport
207,Product_207,297,49,Office
208,Product_208,328,27,Home
209,Product_209,85,23,Home
210,Product_210,322,89,Office
211,Product_211,264,69,Sport
212,Product_212,403,37,Sport
213,Product_213,67,76,Office
214,Product_214,299,50,Sport
215,Product_215,286,18,Home
216,Product_216,286,1,Sport
217,Product_217,418,59,Sport
218,Product_218,224,32,Office
219,Product_219,443,59,Home
220,Product_220,486,11,Sport
221,Product_221,108,33,Home
222,Product_222,255,24,Electronics
223,Product_223,365,46,Office
224,Product_224,245,81,Office
225,Product_225,168,65,Sport
226,Product_226,399,39,Electronics
227,Product_227,83,1,Electronics
228,Product_228,381,84,Electronics
229,Product_229,169,28,Electronics
230,Product_230,325,31,Home
231,Product_231,416,13,Electronics
232,Product_232,298,94,Sport
233,Product_233,308,30,Office
234,Product_234,357,19,Sport
235,Product_235,217,26,Home
236,Product_236,399,59,Home
237,Product_237,404,84,Office
238,Product_238,105,65,Home
239,Product_239,75,70,Office
240,Product_240,432,41,Sport
241,Product_241,200,53,Office
242,Product_242,494,13,Sport
243,Product_243,488,26,Sport
244,Product_244,248,84,Office
245,Product_245,496,8,Home
246,Product_246,327,49,Sport
247,Product_247,468,50,Home
248,Product_248,123,1,Electronics
249,Product_249,131,18,Office
250,Product_250,79,48,Home
251,Product_251,129,45,Electronics
252,Product_252,399,87,Sport
253,Product_253,342,49,Electronics
254,Product_254,497,90,Home
255,Product_255,53,79,Home
256,Product_256,419,51,Office
257,Product_257,277,53,Home
258,Product_258,254,18,Electronics
259,Product_259,421,7,Office
260,Product_260,62,21,Sport
261,Product_261,121,2,Sport
262,Product_262,75,93,Office
263,Product_263,157,59,Sport
264,Product_264,202,35,Home
265,Product_265,263,19,Electronics
266,Product_266,98,2,Office
267,Product_267,189,41,Electronics
268,Product_268,319,98,Home
269,Product_269,100,41,Office
270,Product_270,467,29,Electronics
271,Product_271,79,74,Sport
272,Product_272,379,20,Home
273,Product_273,165,71,Electronics
274,Product_274,214,32,Electronics
275,Product_275,102,55,Office
276,Product_276,312,0,Home
277,Product_277,263,51,Office
278,Product_278,378,47,Home
279,Product_279,406,58,Electronics
280,Product_280,482,29,Sport
281,Product_281,434,7,Office
282,Product_282,50,13,Home
283,Product_283,252,91,Home
284,Product_284,416,41,Office
285,Product_285,283,98,Office
286,Product_286,144,59,Office
287,Product_287,338,66,Electronics
288,Product_288,118,33,Electronics
289,Product_289,225,19,Home
290,Product_290,104,21,Electronics
291,Product_291,54,99,Electronics
292,Product_292,466,38,Sport
293,Product_293,88,95,Office
294,Product_294,112,15,Home
295,Product_295,112,90,Electronics
296,Product_296,282,3,Electronics
297,Product_297,84,29,Sport
298,Product_298,317,31,Home
299,Product_299,194,92,Electronics
300,Product_300,121,85,Home
301,Product_301,492,80,Office
302,Product_302,464,36,Home
303,Product_303,59,96,Home
304,Product_304,498,22,Electronics
305,Product_305,151,56,Office
306,Product_306,118,63,Office
307,Product_307,436,0,Electronics
308,Product_308,187,98,Sport
309,Product_309,145,91,Electronics
310,Product_310,238,89,Home
311,Product_311,241,49,Sport
312,Product_312,301,14,Home
313,Product_313,172,60,Office
314,Product_314,399,17,Sport
315,Product_315,274,39,Home
316,Product_316,389,32,Office
317,Product_317,174,1,Office
318,Product_318,369,89,Sport
319,Product_319,275,85,Sport
320,Product_320,348,66,Home
321,Product_321,351,23,Electronics
322,Product_322,423,48,Home
323,Product_323,151,59,Electronics
324,Product_324,454,63,Office
325,Product_325,207,74,Home
326,Product_326,368,44,Home
327,Product_327,165,38,Office
328,Product_328,253,42,Home
329,Product_329,289,98,Office
330,Product_330,446,49,Electronics
331,Product_331,249,33,Home
332,Product_332,499,32,Electronics
333,Product_333,498,10,Sport
334,Product_334,108,51,Sport
335,Product_335,79,85,Electronics
336,Product_336,349,86,Electronics
337,Product_337,222,32,Electronics
338,Product_338,113,15,Home
339,Product_339,228,69,Electronics
340,Product_340,255,74,Sport
341,Product_341,123,31,Electronics
342,Product_342,299,77,Office
343,Product_343,207,55,Electronics
344,Product_344,59,98,Home
345,Product_345,98,48,Sport
346,Product_346,419,69,Office
347,Product_347,248,29,Sport
348,Product_348,431,83,Home
349,Product_349,484,50,Office
350,Product_350,254,68,Home
351,Product_351,119,15,Electronics
352,Product_352,337,9,Home
353,Product_353,116,63,Electronics
354,Product_354,259,64,Office
355,Product_355,135,51,Office
356,Product_356,387,46,Sport
357,Product_357,205,60,Electronics
358,Product_358,357,54,Sport
359,Product_359,140,93,Office
360,Product_360,278,17,Office
361,Product_361,71,23,Electronics
362,Product_362,158,46,Sport
363,Product_363,209,29,Home
364,Product_364,437,87,Home
365,Product_365,153,52,Home
366,Product_366,111,28,Home
367,Product_367,60,11,Sport
368,Product_368,92,9,Office
369,Product_369,278,19,Office
370,Product_370,490,49,Office
371,Product_371,285,29,Office
372,Product_372,282,71,Electronics
373,Product_373,481,22,Office
374,Product_374,101,93,Electronics
375,Product_375,228,97,Sport
376,Product_376,355,77,Office
377,Product_377,226,32,Electronics
378,Product_378,190,76,Office
379,Product_379,202,9,Sport
380,Product_380,200,21,Sport
381,Product_381,385,37,Home
382,Product_382,83,60,Sport
383,Product_383,256,39,Home
384,Product_384,281,24,Home
385,Product_385,448,39,Electronics
386,Product_386,354,90,Electronics
387,Product_387,420,4,Electronics
388,Product_388,220,23,Sport
389,Product_389,149,69,Sport
390,Product_390,112,29,Sport
391,Product_391,361,85,Electronics
392,Product_392,434,58,Sport
393,Product_393,365,73,Home
394,Product_394,135,4,Electronics
395,Product_395,192,6,Electronics
396,Product_396,111,77,Office
397,Product_397,372,87,Sport
398,Product_398,279,45,Electronics
399,Product_399,408,18,Home
400,Product_400,422,67,Electronics
401,Product_401,396,55,Electronics
402,Product_402,152,66,Electronics
403,Product_403,360,46,Sport
404,Product_404,60,96,Home
405,Product_405,241,5,Office
406,Product_406,135,59,Office
407,Product_407,204,71,Office
408,Product_408,353,15,Office
409,Product_409,368,48,Sport
410,Product_410,342,14,Sport
411,Product_411,323,85,Office
412,Product_412,200,8,Home
413,Product_413,413,31,Sport
414,Product_414,308,50,Office
415,Product_415,408,33,Home
416,Product_416,423,86,Electronics
417,Product_417,318,35,Home
418,Product_418,243,42,Electronics
419,Product_419,222,23,Home
420,Product_420,456,20,Sport
421,Product_421,275,4,Electronics
422,Product_422,336,75,Office
423,Product_423,458,96,Sport
424,Product_424,368,38,Home
425,Product_425,114,63,Sport
426,Product_426,473,42,Office
427,Product_427,136,93,Sport
428,Product_428,198,86,Home
429,Product_429,107,87,Electronics
430,Product_430,487,22,Office
431,Product_431,292,50,Office
432,Product_432,341,48,Sport
433,Product_433,301,81,Office
434,Product_434,259,86,Sport
435,Product_435,52,61,Electronics
436,Product_436,187,34,Electronics
437,Product_437,69,90,Home
438,Product_438,381,49,Office
439,Product_439,367,1,Office
440,Product_440,62,94,Sport
441,Product_441,460,85,Sport
442,Product_442,327,73,Home
443,Product_443,263,31,Electronics
444,Product_444,399,24,Electronics
445,Product_445,183,38,Sport
446,Product_446,380,16,Sport
447,Product_447,418,83,Home
448,Product_448,279,53,Home
449,Product_449,119,79,Office
450,Product_450,391,31,Home
451,Product_451,265,92,Home
452,Product_452,334,6,Sport
453,Product_453,119,14,Electronics
454,Product_454,316,96,Sport
455,Product_455,244,30,Home
456,Product_456,69,77,Sport
457,Product_457,351,48,Office
458,Product_458,271,13,Home
459,Product_459,189,57,Electronics
460,Product_460,81,57,Home
461,Product_461,179,90,Home
462,Product_462,279,13,Home
463,Product_463,365,78,Home
464,Product_464,207,41,Home
465,Product_465,368,86,Sport
466,Product_466,474,98,Office
467,Product_467,473,65,Sport
468,Product_468,427,12,Electronics
469,Product_469,275,92,Sport
470,Product_470,148,12,Home
471,Product_471,230,1,Office
472,Product_472,317,30,Office
473,Product_473,62,45,Electronics
474,Product_474,93,15,Office
475,Product_475,403,73,Electronics
476,Product_476,185,98,Sport
477,Product_477,90,32,Electronics
478,Product_478,173,7,Office
479,Product_479,100,48,Sport
480,Product_480,395,87,Electronics
481,Product_481,385,25,Home
482,Product_482,445,97,Home
483,Product_483,245,68,Home
484,Product_484,403,6,Home
485,Product_485,67,23,Sport
486,Product_486,432,53,Electronics
487,Product_487,215,85,Home
488,Product_488,319,58,Electronics
489,Product_489,289,23,Home
490,Product_490,358,45,Sport
491,Product_491,102,64,Home
492,Product_492,447,27,Office
493,Product_493,439,12,Office
494,Product_494,476,24,Sport
495,Product_495,204,52,Office
496,Product_496,215,55,Office
497,Product_497,457,86,Office
498,Product_498,180,34,Electronics
499,Product_499,180,12,Office
500,Product_500,438,82,Home
501,Product_501,101,87,Electronics
502,Product_502,450,67,Office
503,Product_503,334,37,Electronics
504,Product_504,81,12,Home
505,Product_505,172,26,Office
506,Product_506,180,99,Sport
507,Product_507,362,69,Sport
508,Product_508,308,43,Home
509,Product_509,260,18,Office
510,Product_510,254,66,Sport
511,Product_511,349,10,Sport
512,Product_512,349,1,Office
513,Product_513,213,3,Sport
514,Product_514,248,40,Office
515,Product_515,435,69,Home
516,Product_516,57,61,Electronics
517,Product_517,375,80,Home
518,Product_518,218,18,Home
519,Product_519,292,59,Home
520,Product_520,123,32,Sport
521,Product_521,265,49,Home
522,Product_522,270,53,Office
523,Product_523,366,95,Home
524,Product_524,232,46,Sport
525,Product_525,288,2,Home
526,Product_526,239,66,Home
527,Product_527,110,57,Electronics
528,Product_528,183,45,Home
529,Product_529,118,41,Sport
530,Product_530,102,94,Home
531,Product_531,359,29,Sport
532,Product_532,245,22,Electronics
533,Product_533,462,68,Home
534,Product_534,351,58,Sport
535,Product_535,313,65,Electronics
536,Product_536,395,69,Sport
537,Product_537,175,3,Home
538,Product_538,74,50,Office
539,Product_539,216,91,Sport
540,Product_540,133,3,Sport
541,Product_541,172,31,Office
542,Product_542,208,16,Electronics
543,Product_543,191,87,Electronics
544,Product_544,61,51,Electronics
545,Product_545,208,49,Sport
546,Product_546,446,61,Home
547,Product_547,59,65,Home
548,Product_548,260,10,Home
549,Product_549,306,72,Sport
550,Product_550,153,86,Sport
551,Product_551,282,59,Office
552,Product_552,212,93,Home
553,Product_553,171,33,Electronics
554,Product_554,66,81,Home
555,Product_555,132,23,Home
556,Product_556,155,66,Home
557,Product_557,467,76,Office
558,Product_558,289,30,Home
559,Product_559,174,83,Home
560,Product_560,395,86,Sport
561,Product_561,335,26,Home
562,Product_562,298,5,Office
563,Product_563,382,0,Electronics
564,Product_564,121,35,Office
565,Product_565,81,71,Electronics
566,Product_566,147,93,Home
567,Product_567,169,72,Sport
568,Product_568,387,20,Home
569,Product_569,463,8,Electronics
570,Product_570,298,73,Home
571,Product_571,328,18,Sport
572,Product_572,360,92,Electronics
573,Product_573,170,44,Home
574,Product_574,477,70,Sport
575,Product_575,476,94,Sport
576,Product_576,376,99,Sport
577,Product_577,219,23,Sport
578,Product_578,189,4,Home
579,Product_579,275,12,Sport
580,Product_580,290,30,Sport
581,Product_581,257,10,Home
582,Product_582,239,16,Sport
583,Product_583,359,57,Office
584,Product_584,172,59,Sport
585,Product_585,337,67,Home
586,Product_586,495,35,Office
587,Product_587,110,51,Sport
588,Product_588,410,77,Sport
589,Product_589,63,46,Sport
590,Product_590,306,19,Home
591,Product_591,111,42,Office
592,Product_592,383,73,Home
593,Product_593,271,65,Home
594,Product_594,118,23,Sport
595,Product_595,221,2,Sport
596,Product_596,139,15,Office
597,Product_597,427,80,Home
598,Product_598,379,58,Home
599,Product_599,434,85,Office
600,Product_600,288,92,Home
601,Product_601,149,68,Sport
602,Product_602,61,21,Office
603,Product_603,154,2,Electronics
604,Product_604,427,2,Electronics
605,Product_605,439,28,Office
606,Product_606,486,26,Electronics
607,Product_607,406,61,Electronics
608,Product_608,172,25,Home
609,Product_609,104,51,Sport
610,Product_610,199,10,Sport
611,Product_611,403,13,Office
612,Product_612,442,21,Office
613,Product_613,345,43,Home
614,Product_614,145,88,Home
615,Product_615,214,12,Office
616,Product_616,239,54,Office
617,Product_617,444,35,Sport
618,Product_618,208,56,Sport
619,Product_619,90,57,Sport
620,Product_620,486,29,Home
621,Product_621,370,86,Electronics
622,Product_622,98,67,Electronics
623,Product_623,498,88,Office
624,Product_624,98,5,Home
625,Product_625,90,41,Electronics
626,Product_626,93,48,Sport
627,Product_627,128,8,Office
628,Product_628,435,63,Electronics
629,Product_629,324,24,Sport
630,Product_630,93,53,Office
631,Product_631,214,0,Home
632,Product_632,90,98,Sport
633,Product_633,85,16,Home
634,Product_634,227,51,Home
635,Product_635,150,21,Office
636,Product_636,210,20,Office
637,Product_637,303,40,Electronics
638,Product_638,256,12,Electronics
639,Product_639,370,46,Office
640,Product_640,102,86,Electronics
641,Product_641,278,54,Sport
642,Product_642,266,5,Office
643,Product_643,396,97,Home
644,Product_644,490,27,Office
645,Product_645,333,31,Electronics
646,Product_646,146,84,Electronics
647,Product_647,92,45,Electronics
648,Product_648,473,48,Office
649,Product_649,130,22,Office
650,Product_650,259,77,Office
651,Product_651,138,35,Office
652,Product_652,391,90,Sport
653,Product_653,457,21,Home
654,Product_654,299,36,Home
655,Product_655,361,41,Electronics
656,Product_656,251,59,Electronics
657,Product_657,145,17,Home
658,Product_658,356,55,Sport
659,Product_659,266,91,Home
660,Product_660,337,45,Sport
661,Product_661,409,75,Office
662,Product_662,162,63,Home
663,Product_663,68,56,Sport
664,Product_664,492,67,Office
665,Product_665,377,92,Home
666,Product_666,198,96,Electronics
667,Product_667,292,90,Office
668,Product_668,140,52,Electronics
669,Product_669,442,55,Office
670,Product_670,313,84,Sport
671,Product_671,376,30,Electronics
672,Product_672,466,24,Sport
673,Product_673,378,95,Electronics
674,Product_674,306,77,Sport
675,Product_675,247,50,Home
676,Product_676,398,33,Home
677,Product_677,261,13,Electronics
678,Product_678,75,75,Electronics
679,Product_679,221,27,Electronics
680,Product_680,81,55,Sport
681,Product_681,204,3,Home
682,Product_682,396,23,Office
683,Product_683,222,95,Office
684,Product_684,188,32,Home
685,Product_685,236,34,Sport
686,Product_686,224,3,Sport
687,Product_687,193,98,Electronics
688,Product_688,237,72,Electronics
689,Product_689,346,77,Sport
690,Product_690,386,71,Sport
691,Product_691,75,1,Home
692,Product_692,275,29,Office
693,Product_693,188,48,Home
694,Product_694,121,3,Electronics
695,Product_695,151,78,Office
696,Product_696,358,40,Home
697,Product_697,494,92,Sport
698,Product_698,51,98,Office
699,Product_699,135,79,Sport
700,Product_700,392,59,Home
701,Product_701,366,8,Sport
702,Product_702,60,65,Home
703,Product_703,361,67,Electronics
704,Product_704,53,23,Electronics
705,Product_705,102,23,Sport
706,Product_706,291,63,Home
707,Product_707,405,15,Home
708,Product_708,379,16,Home
709,Product_709,187,57,Sport
710,Product_710,208,89,Home
711,Product_711,464,67,Electronics
712,Product_712,453,31,Sport
713,Product_713,125,59,Home
714,Product_714,375,32,Office
715,Product_715,80,8,Office
716,Product_716,116,13,Electronics
717,Product_717,394,57,Office
718,Product_718,56,5,Sport
719,Product_719,328,8,Electronics
720,Product_720,245,48,Home
721,Product_721,236,54,Home
722,Product_722,94,98,Electronics
723,Product_723,211,95,Home
724,Product_724,60,88,Sport
725,Product_725,101,99,Home
726,Product_726,314,6,Sport
727,Product_727,315,35,Home
728,Product_728,72,22,Sport
729,Product_729,330,7,Electronics
730,Product_730,265,40,Office
731,Product_731,415,52,Sport
732,Product_732,351,43,Electronics
733,Product_733,183,65,Sport
734,Product_734,289,9,Office
735,Product_735,195,49,Sport
736,Product_736,412,91,Home
737,Product_737,304,54,Office
738,Product_738,109,96,Office
739,Product_739,310,64,Home
740,Product_740,225,40,Home
741,Product_741,162,40,Office
742,Product_742,244,21,Office
743,Product_743,113,46,Electronics
744,Product_744,143,43,Sport
745,Product_745,146,48,Sport
746,Product_746,336,71,Home
747,Product_747,281,34,Home
748,Product_748,426,49,Home
749,Product_749,204,99,Electronics
750,Product_750,354,51,Electronics
751,Product_751,438,17,Electronics
752,Product_752,308,43,Electronics
753,Product_753,119,71,Electronics
754,Product_754,338,15,Sport
755,Product_755,396,42,Home
756,Product_756,308,19,Electronics
757,Product_757,181,32,Home
758,Product_758,388,73,Home
759,Product_759,471,20,Home
760,Product_760,89,4,Sport
761,Product_761,123,72,Sport
762,Product_762,276,12,Sport
763,Product_763,274,46,Sport
764,Product_764,246,81,Sport
765,Product_765,224,88,Home
766,Product_766,232,67,Electronics
767,Product_767,430,82,Electronics
768,Product_768,211,69,Home
769,Product_769,173,68,Electronics
770,Product_770,480,67,Office
771,Product_771,124,84,Home
772,Product_772,229,81,Electronics
773,Product_773,271,59,Sport
774,Product_774,451,77,Electronics
775,Product_775,310,81,Electronics
776,Product_776,471,8,Electronics
777,Product_777,117,77,Office
778,Product_778,161,2,Sport
779,Product_779,304,90,Office
780,Product_780,78,59,Office
781,Product_781,212,79,Office
782,Product_782,51,1,Electronics
783,Product_783,460,39,Electronics
784,Product_784,435,14,Home
785,Product_785,387,62,Office
786,Product_786,456,34,Sport
787,Product_787,164,42,Electronics
788,Product_788,383,1,Sport
789,Product_789,356,7,Electronics
790,Product_790,442,13,Electronics
791,Product_791,79,54,Electronics
792,Product_792,256,68,Sport
793,Product_793,438,13,Sport
794,Product_794,99,24,Sport
795,Product_795,457,15,Office
796,Product_796,414,48,Sport
797,Product_797,143,37,Sport
798,Product_798,275,83,Sport
799,Product_799,359,40,Electronics
800,Product_800,176,16,Office
801,Product_801,119,88,Electronics
802,Product_802,281,50,Sport
803,Product_803,80,19,Home
804,Product_804,487,94,Electronics
805,Product_805,427,80,Office
806,Product_806,273,46,Electronics
807,Product_807,376,10,Home
808,Product_808,58,80,Sport
809,Product_809,212,61,Home
810,Product_810,294,12,Electronics
811,Product_811,426,37,Sport
812,Product_812,73,71,Home
813,Product_813,358,78,Office
814,Product_814,453,62,Sport
815,Product_815,150,50,Sport
816,Product_816,470,90,Office
817,Product_817,199,78,Home
818,Product_818,421,94,Home
819,Product_819,366,75,Electronics
820,Product_820,81,91,Electronics
821,Product_821,188,74,Electronics
822,Product_822,426,2,Home
823,Product_823,419,22,Home
824,Product_824,303,88,Electronics
825,Product_825,239,39,Sport
826,Product_826,240,54,Electronics
827,Product_827,205,28,Sport
828,Product_828,349,62,Sport
829,Product_829,192,82,Home
830,Product_830,436,9,Home
831,Product_831,353,68,Office
832,Product_832,149,71,Sport
833,Product_833,459,96,Office
834,Product_834,367,7,Office
835,Product_835,428,80,Sport
836,Product_836,254,93,Electronics
837,Product_837,182,60,Home
838,Product_838,253,60,Home
839,Product_839,155,77,Office
840,Product_840,297,49,Office
841,Product_841,133,66,Office
842,Product_842,241,88,Home
843,Product_843,197,63,Sport
844,Product_844,261,43,Sport
845,Product_845,249,72,Sport
846,Product_846,493,85,Home
847,Product_847,210,82,Sport
848,Product_848,336,21,Sport
849,Product_849,209,14,Sport
850,Product_850,94,8,Office
851,Product_851,201,60,Home
852,Product_852,186,14,Sport
853,Product_853,363,86,Sport
854,Product_854,169,3,Office
855,Product_855,59,97,Office
856,Product_856,290,19,Sport
857,Product_857,492,28,Office
858,Product_858,190,80,Sport
859,Product_859,349,78,Sport
860,Product_860,128,2,Sport
861,Product_861,310,95,Home
862,Product_862,404,26,Office
863,Product_863,437,46,Office
864,Product_864,305,97,Home
865,Product_865,120,5,Electronics
866,Product_866,297,95,Electronics
867,Product_867,125,65,Sport
868,Product_868,499,58,Electronics
869,Product_869,219,8,Electronics
870,Product_870,50,85,Office
871,Product_871,481,65,Sport
872,Product_872,152,70,Electronics
873,Product_873,355,31,Home
874,Product_874,367,53,Sport
875,Product_875,105,90,Sport
876,Product_876,367,58,Electronics
877,Product_877,474,10,Sport
878,Product_878,433,71,Office
879,Product_879,189,92,Electronics
880,Product_880,131,0,Sport
881,Product_881,467,96,Electronics
882,Product_882,407,81,Home
883,Product_883,373,91,Electronics
884,Product_884,317,83,Electronics
885,Product_885,416,76,Electronics
886,Product_886,154,97,Electronics
887,Product_887,392,41,Sport
888,Product_888,343,14,Office
889,Product_889,250,1,Electronics
890,Product_890,118,43,Sport
891,Product_891,313,54,Office
892,Product_892,324,45,Sport
893,Product_893,221,23,Electronics
894,Product_894,145,28,Electronics
895,Product_895,139,17,Office
896,Product_896,92,31,Sport
897,Product_897,53,25,Electronics
898,Product_898,437,0,Electronics
899,Product_899,341,35,Office
900,Product_900,250,34,Electronics
901,Product_901,191,83,Electronics
902,Product_902,407,7,Electronics
903,Product_903,464,61,Sport
904,Product_904,340,24,Office
905,Product_905,157,28,Office
906,Product_906,430,1,Office
907,Product_907,94,92,Office
908,Product_908,436,69,Electronics
909,Product_909,345,16,Office
910,Product_910,301,99,Office
911,Product_911,79,16,Sport
912,Product_912,402,96,Sport
913,Product_913,449,45,Office
914,Product_914,79,93,Home
915,Product_915,117,74,Electronics
916,Product_916,238,72,Electronics
917,Product_917,375,6,Electronics
918,Product_918,159,75,Electronics
919,Product_919,323,21,Sport
920,Product_920,170,71,Sport
921,Product_921,383,21,Sport
922,Product_922,273,44,Home
923,Product_923,134,39,Office
924,Product_924,239,27,Sport
925,Product_925,265,22,Sport
926,Product_926,252,53,Electronics
927,Product_927,372,72,Home
928,Product_928,381,78,Sport
929,Product_929,340,33,Electronics
930,Product_930,134,17,Sport
931,Product_931,184,86,Office
932,Product_932,113,3,Office
933,Product_933,197,14,Electronics
934,Product_934,388,55,Electronics
935,Product_935,148,76,Office
936,Product_936,278,23,Home
937,Product_937,373,63,Electronics
938,Product_938,236,13,Office
939,Product_939,78,38,Home
940,Product_940,249,22,Sport
941,Product_941,480,54,Sport
942,Product_942,477,14,Electronics
943,Product_943,397,75,Sport
944,Product_944,436,6,Electronics
945,Product_945,286,25,Office
946,Product_946,182,23,Office
947,Product_947,393,6,Electronics
948,Product_948,246,31,Electronics
949,Product_949,207,69,Electronics
950,Product_950,218,32,Home
951,Product_951,347,66,Office
952,Product_952,493,54,Sport
953,Product_953,249,2,Office
954,Product_954,430,17,Electronics
955,Product_955,104,30,Home
956,Product_956,111,46,Sport
957,Product_957,73,84,Electronics
958,Product_958,85,40,Office
959,Product_959,493,63,Electronics
960,Product_960,69,90,Sport
961,Product_961,241,48,Office
962,Product_962,366,93,Office
963,Product_963,417,8,Home
964,Product_964,487,80,Sport
965,Product_965,359,71,Electronics
966,Product_966,253,81,Electronics
967,Product_967,242,60,Electronics
968,Product_968,462,58,Electronics
969,Product_969,492,48,Sport
970,Product_970,108,49,Office
971,Product_971,298,92,Office
972,Product_972,207,35,Electronics
973,Product_973,185,9,Electronics
974,Product_974,493,59,Office
975,Product_975,180,88,Electronics
976,Product_976,338,61,Electronics
977,Product_977,328,59,Office
978,Product_978,252,68,Home
979,Product_979,131,56,Sport
980,Product_980,386,57,Electronics
981,Product_981,95,59,Home
982,Product_982,359,77,Electronics
983,Product_983,470,68,Electronics
984,Product_984,455,83,Sport
985,Product_985,393,9,Sport
986,Product_986,427,29,Office
987,Product_987,386,23,Electronics
988,Product_988,391,47,Office
989,Product_989,368,75,Electronics
990,Product_990,60,79,Sport
991,Product_991,208,91,Sport
992,Product_992,162,40,Office
993,Product_993,77,3,Home
994,Product_994,373,38,Office
995,Product_995,61,80,Electronics
996,Product_996,260,26,Electronics
997,Product_997,349,63,Home
998,Product_998,473,27,Electronics
999,Product_999,79,41,Sport
1000,Product_1000,269,38,Electronics
